最後,もう,演技,良かっ,こんな,ストーリー,好き,俳優,気持ち,本当に,役者,よく,ラスト,物語,その,台詞,面白かっ,雰囲気,そんな,特に,内容,やっはり,日本,最高,面白い,ちょっと,とう,とても,なく,良く,もっと,描写,よかっ,素晴らしい,意味,演出,人間,印象,原作,映像,展開,キャスト
面白かっ,よかっ,印象,内容,俳優,人間,ラスト,ストーリー,キャスト,よく,やっはり,面白い,もっと,もう,なく,とても,とう,ちょっと,そんな,その,原作,台詞,好き,展開,雰囲気,良く,良かっ,素晴らしい,特に,物語,演技,演出,気持ち,本当に,最高,最後,映像,日本,描写,意味,役者,こんな
面白かっ,よかっ,印象,内容,俳優,人間,ラスト,ストーリー,キャスト,よく,やっはり,面白い,もっと,もう,なく,とても,とう,ちょっと,そんな,その,原作,台詞,好き,展開,雰囲気,良く,良かっ,素晴らしい,特に,物語,演技,演出,気持ち,本当に,最高,最後,映像,日本,描写,意味,役者,こんな
映像,もう,こんな,台詞,原作,俳優,面白かっ,そんな,とう,良く,気持ち,最高,ちょっと,よく,人間,演出,なく,ラスト,良かっ,展開,よかっ,その,特に,物語,演技,とても,本当に,雰囲気,もっと,やっはり,最後,好き,キャスト,ストーリー,日本,描写,意味,内容,素晴らしい,役者,面白い,印象
面白かっ,よかっ,印象,内容,俳優,人間,ラスト,ストーリー,キャスト,よく,やっはり,面白い,もっと,もう,なく,とても,とう,ちょっと,そんな,その,原作,台詞,好き,展開,雰囲気,良く,良かっ,素晴らしい,特に,物語,演技,演出,気持ち,本当に,最高,最後,映像,日本,描写,意味,役者,こんな
最後,台詞,キャスト,原作,役者,素晴らしい,面白い,その,ちょっと,よく,俳優,人間,ラスト,ストーリー,そんな,よかっ,内容,もっと,もう,なく,とても,とう,やっはり,面白かっ,印象,好き,雰囲気,良く,良かっ,特に,物語,演技,演出,気持ち,本当に,最高,映像,日本,描写,意味,展開,こんな
素晴らしい,面白かっ,やっはり,内容,俳優,人間,ラスト,ストーリー,キャスト,よく,よかっ,もっと,原作,もう,なく,とても,とう,ちょっと,そんな,その,印象,台詞,面白い,好き,雰囲気,良く,良かっ,特に,物語,演技,演出,気持ち,本当に,最高,最後,映像,日本,描写,意味,役者,展開,こんな
演出,演技,原作,意味,俳優,そんな,とう,内容,本当に,もう,素晴らしい,なく,ラスト,良かっ,その,とても,ちょっと,もっと,やっはり,よかっ,よく,キャスト,ストーリー,人間,面白かっ,台詞,印象,面白い,好き,展開,役者,描写,日本,映像,最後,最高,気持ち,物語,特に,良く,雰囲気,こんな
面白かっ,よかっ,印象,内容,俳優,人間,ラスト,ストーリー,キャスト,よく,やっはり,面白い,もっと,もう,なく,とても,とう,ちょっと,そんな,その,原作,台詞,好き,展開,雰囲気,良く,良かっ,素晴らしい,特に,物語,演技,演出,気持ち,本当に,最高,最後,映像,日本,描写,意味,役者,こんな
演技,俳優,役者,ラスト,最高,人間,演出,最後,良かっ,ちょっと,よかっ,その,ストーリー,キャスト,そんな,よく,もっと,やっはり,とう,内容,もう,なく,とても,面白かっ,台詞,印象,本当に,雰囲気,良く,素晴らしい,特に,物語,気持ち,映像,原作,日本,描写,意味,展開,好き,面白い,こんな
演技,その,俳優,そんな,とう,印象,こんな,人間,演出,面白い,キャスト,面白かっ,特に,気持ち,本当に,やっはり,最高,役者,なく,ラスト,物語,良かっ,好き,日本,雰囲気,良く,ちょっと,とても,映像,もう,もっと,よかっ,展開,よく,素晴らしい,ストーリー,最後,描写,内容,意味,原作,台詞
その,面白かっ,よかっ,印象,内容,俳優,人間,ラスト,ストーリー,キャスト,よく,やっはり,面白い,もっと,もう,なく,とても,とう,ちょっと,そんな,原作,台詞,好き,展開,雰囲気,良く,良かっ,素晴らしい,特に,物語,演技,演出,気持ち,本当に,最高,最後,映像,日本,描写,意味,役者,こんな
内容,最後,面白かっ,よかっ,俳優,人間,ラスト,ストーリー,キャスト,よく,やっはり,原作,もっと,もう,なく,とても,とう,ちょっと,そんな,その,印象,台詞,面白い,好き,雰囲気,良く,良かっ,素晴らしい,特に,物語,演技,演出,気持ち,本当に,最高,映像,日本,描写,意味,役者,展開,こんな
演技,面白い,好き,とう,内容,よかっ,最高,ストーリー,ラスト,その,描写,展開,雰囲気,面白かっ,映像,日本,もう,よく,こんな,人間,演出,なく,最後,役者,やっはり,良く,そんな,ちょっと,良かっ,とても,素晴らしい,もっと,物語,特に,意味,キャスト,気持ち,俳優,本当に,印象,原作,台詞
面白かっ,よかっ,印象,内容,俳優,人間,ラスト,ストーリー,キャスト,よく,やっはり,面白い,もっと,もう,なく,とても,とう,ちょっと,そんな,その,原作,台詞,好き,展開,雰囲気,良く,良かっ,素晴らしい,特に,物語,演技,演出,気持ち,本当に,最高,最後,映像,日本,描写,意味,役者,こんな
意味,演出,ストーリー,面白い,原作,俳優,そんな,とう,映像,内容,気持ち,もう,役者,人間,素晴らしい,なく,最後,好き,よかっ,やっはり,よく,もっと,とても,キャスト,ちょっと,その,面白かっ,台詞,ラスト,印象,展開,描写,日本,最高,本当に,演技,物語,特に,良かっ,良く,雰囲気,こんな
面白かっ,よかっ,印象,内容,俳優,人間,ラスト,ストーリー,キャスト,よく,やっはり,面白い,もっと,もう,なく,とても,とう,ちょっと,そんな,その,原作,台詞,好き,展開,雰囲気,良く,良かっ,素晴らしい,特に,物語,演技,演出,気持ち,本当に,最高,最後,映像,日本,描写,意味,役者,こんな
台詞,キャスト,よかっ,印象,内容,俳優,人間,ラスト,ストーリー,よく,やっはり,面白い,もっと,もう,なく,とても,とう,ちょっと,そんな,その,原作,面白かっ,好き,展開,雰囲気,良く,良かっ,素晴らしい,特に,物語,演技,演出,気持ち,本当に,最高,最後,映像,日本,描写,意味,役者,こんな
印象,とても,ラスト,面白かっ,よかっ,内容,俳優,人間,ストーリー,キャスト,よく,やっはり,面白い,もっと,もう,なく,とう,ちょっと,そんな,その,原作,台詞,好き,展開,雰囲気,良く,良かっ,素晴らしい,特に,物語,演技,演出,気持ち,本当に,最高,最後,映像,日本,描写,意味,役者,こんな
ラスト,演出,展開,特に,最高,人間,物語,最後,その,やっはり,ストーリー,キャスト,よく,よかっ,面白かっ,もっと,内容,もう,なく,とても,とう,ちょっと,そんな,俳優,台詞,印象,本当に,雰囲気,良く,良かっ,素晴らしい,演技,気持ち,映像,原作,日本,描写,意味,役者,好き,面白い,こんな
物語,演技,演出,こんな,ちょっと,その,台詞,キャスト,俳優,展開,そんな,良く,内容,本当に,もう,印象,役者,ストーリー,面白い,とう,とても,なく,やっはり,よかっ,よく,雰囲気,もっと,特に,ラスト,人間,素晴らしい,原作,好き,意味,描写,日本,映像,最後,最高,気持ち,良かっ,面白かっ
面白かっ,よかっ,印象,内容,俳優,人間,ラスト,ストーリー,キャスト,よく,やっはり,面白い,もっと,もう,なく,とても,とう,ちょっと,そんな,その,原作,台詞,好き,展開,雰囲気,良く,良かっ,素晴らしい,特に,物語,演技,演出,気持ち,本当に,最高,最後,映像,日本,描写,意味,役者,こんな
好き,原作,キャスト,面白かっ,描写,特に,そんな,よかっ,とても,ちょっと,内容,その,俳優,人間,ラスト,よく,ストーリー,とう,印象,もっと,もう,なく,やっはり,台詞,面白い,展開,雰囲気,良く,良かっ,素晴らしい,物語,演技,演出,気持ち,本当に,最高,最後,映像,日本,意味,役者,こんな
演技,素晴らしい,演出,映像,よく,良かっ,その,原作,最高,とても,こんな,ストーリー,なく,ラスト,好き,俳優,もう,とう,もっと,やっはり,よかっ,ちょっと,キャスト,そんな,人間,面白かっ,内容,印象,面白い,展開,役者,意味,描写,日本,最後,本当に,気持ち,物語,特に,良く,雰囲気,台詞
日本,役者,俳優,展開,雰囲気,映像,物語,良かっ,演技,その,面白かっ,よかっ,ラスト,ストーリー,キャスト,よく,もう,やっはり,もっと,なく,とても,とう,ちょっと,そんな,人間,台詞,内容,印象,原作,面白い,好き,意味,描写,最後,最高,本当に,気持ち,演出,特に,素晴らしい,良く,こんな
役者,面白い,雰囲気,そんな,演出,最後,好き,台詞,意味,俳優,面白かっ,良く,やっはり,最高,人間,素晴らしい,なく,ラスト,物語,演技,とても,キャスト,とう,もう,もっと,ちょっと,よかっ,その,よく,本当に,ストーリー,良かっ,内容,印象,原作,特に,展開,描写,日本,映像,気持ち,こんな
もう,役者,ストーリー,なく,台詞,原作,特に,とう,よかっ,ちょっと,面白い,最後,演技,その,人間,ラスト,やっはり,キャスト,よく,内容,もっと,とても,そんな,俳優,面白かっ,印象,気持ち,雰囲気,良く,良かっ,素晴らしい,物語,演出,本当に,好き,最高,映像,日本,描写,意味,展開,こんな
演技,面白い,雰囲気,内容,本当に,日本,最高,印象,人間,素晴らしい,ラスト,最後,その,なく,とても,もう,とう,もっと,やっはり,よかっ,よく,キャスト,ちょっと,ストーリー,そんな,面白かっ,台詞,俳優,原作,好き,展開,役者,意味,描写,映像,気持ち,演出,物語,特に,良かっ,良く,こんな
面白かっ,よかっ,印象,内容,俳優,人間,ラスト,ストーリー,キャスト,よく,やっはり,面白い,もっと,もう,なく,とても,とう,ちょっと,そんな,その,原作,台詞,好き,展開,雰囲気,良く,良かっ,素晴らしい,特に,物語,演技,演出,気持ち,本当に,最高,最後,映像,日本,描写,意味,役者,こんな
原作,良く,もっと,とても,良かっ,演技,よかっ,内容,俳優,人間,ラスト,ストーリー,キャスト,よく,面白かっ,やっはり,印象,なく,とう,ちょっと,そんな,その,もう,台詞,面白い,好き,雰囲気,素晴らしい,特に,物語,演出,気持ち,本当に,最高,最後,映像,日本,描写,意味,役者,展開,こんな
人間,原作,描写,映像,内容,物語,その,よく,俳優,ラスト,ストーリー,キャスト,面白かっ,よかっ,印象,もっと,もう,なく,とても,とう,ちょっと,そんな,やっはり,台詞,面白い,好き,雰囲気,良く,良かっ,素晴らしい,特に,演技,演出,気持ち,本当に,最高,最後,日本,意味,役者,展開,こんな
演出,その,印象,面白い,最後,意味,ラスト,好き,俳優,雰囲気,良く,とう,気持ち,やっはり,最高,とても,こんな,ストーリー,人間,もっと,よかっ,よく,もう,なく,キャスト,ちょっと,そんな,面白かっ,内容,原作,展開,役者,描写,日本,映像,本当に,演技,物語,特に,素晴らしい,良かっ,台詞
ちょっと,原作,日本,演技,好き,台詞,キャスト,展開,特に,映像,内容,本当に,最高,人間,素晴らしい,なく,物語,最後,ストーリー,もっと,そんな,やっはり,その,よかっ,とても,よく,とう,もう,面白かっ,ラスト,俳優,印象,面白い,役者,意味,描写,気持ち,演出,良かっ,良く,雰囲気,こんな
役者,人間,台詞,キャスト,日本,ラスト,その,意味,とう,内容,やっはり,とても,もう,よく,なく,最後,演技,好き,描写,そんな,よかっ,ちょっと,素晴らしい,面白い,物語,良かっ,ストーリー,もっと,面白かっ,俳優,印象,原作,展開,映像,最高,本当に,気持ち,演出,特に,良く,雰囲気,こんな
特に,映像,人間,描写,よかっ,ストーリー,素晴らしい,なく,物語,演技,その,好き,ラスト,キャスト,よく,面白かっ,やっはり,もっと,俳優,とても,とう,ちょっと,そんな,もう,台詞,内容,最高,雰囲気,良く,良かっ,演出,気持ち,本当に,最後,印象,日本,意味,役者,展開,面白い,原作,こんな
面白い,映像,そんな,最高,よく,こんな,ちょっと,その,とても,なく,もう,もっと,やっはり,印象,とう,キャスト,ストーリー,ラスト,人間,俳優,内容,よかっ,面白かっ,原作,演出,雰囲気,良く,良かっ,素晴らしい,特に,物語,演技,気持ち,好き,本当に,最後,日本,描写,意味,役者,展開,台詞
面白かっ,よかっ,印象,内容,俳優,人間,ラスト,ストーリー,キャスト,よく,やっはり,面白い,もっと,もう,なく,とても,とう,ちょっと,そんな,その,原作,台詞,好き,展開,雰囲気,良く,良かっ,素晴らしい,特に,物語,演技,演出,気持ち,本当に,最高,最後,映像,日本,描写,意味,役者,こんな
気持ち,日本,印象,こんな,ちょっと,とう,内容,俳優,人間,ラスト,ストーリー,その,キャスト,よく,よかっ,原作,そんな,もっと,もう,なく,とても,やっはり,面白かっ,面白い,演出,雰囲気,良く,良かっ,素晴らしい,特に,物語,演技,本当に,好き,最高,最後,映像,描写,意味,役者,展開,台詞
日本,面白い,原作,印象,内容,俳優,人間,ラスト,ストーリー,キャスト,よく,面白かっ,やっはり,もっと,もう,なく,とても,とう,ちょっと,そんな,その,よかっ,台詞,好き,演出,雰囲気,良く,良かっ,素晴らしい,特に,物語,演技,気持ち,展開,本当に,最高,最後,映像,描写,意味,役者,こんな
雰囲気,演出,良かっ,原作,俳優,もっと,最高,こんな,ラスト,とても,とう,なく,内容,ちょっと,そんな,やっはり,よかっ,よく,キャスト,ストーリー,人間,その,もう,面白かっ,印象,面白い,良く,素晴らしい,特に,物語,演技,気持ち,本当に,最後,映像,日本,描写,意味,役者,展開,好き,台詞
面白かっ,よかっ,印象,内容,俳優,人間,ラスト,ストーリー,キャスト,よく,やっはり,面白い,もっと,もう,なく,とても,とう,ちょっと,そんな,その,原作,台詞,好き,展開,雰囲気,良く,良かっ,素晴らしい,特に,物語,演技,演出,気持ち,本当に,最高,最後,映像,日本,描写,意味,役者,こんな
面白かっ,よかっ,印象,内容,俳優,人間,ラスト,ストーリー,キャスト,よく,やっはり,面白い,もっと,もう,なく,とても,とう,ちょっと,そんな,その,原作,台詞,好き,展開,雰囲気,良く,良かっ,素晴らしい,特に,物語,演技,演出,気持ち,本当に,最高,最後,映像,日本,描写,意味,役者,こんな
原作,印象,よく,面白い,よかっ,内容,俳優,人間,ラスト,ストーリー,キャスト,面白かっ,もっと,もう,なく,とても,とう,ちょっと,そんな,その,やっはり,台詞,好き,展開,雰囲気,良く,良かっ,素晴らしい,特に,物語,演技,演出,気持ち,本当に,最高,最後,映像,日本,描写,意味,役者,こんな
役者,その,もう,ラスト,物語,演技,原作,もっと,内容,よかっ,最高,素晴らしい,なく,演出,最後,人間,とても,やっはり,とう,よく,キャスト,ストーリー,ちょっと,そんな,面白かっ,台詞,俳優,印象,面白い,好き,展開,意味,描写,日本,映像,本当に,気持ち,特に,良かっ,良く,雰囲気,こんな
印象,そんな,もっと,日本,本当に,役者,人間,演出,ラスト,最後,俳優,ストーリー,キャスト,よく,面白かっ,よかっ,内容,もう,なく,とても,とう,ちょっと,その,やっはり,台詞,原作,演技,雰囲気,良く,良かっ,素晴らしい,特に,物語,気持ち,面白い,最高,映像,描写,意味,展開,好き,こんな
原作,とう,物語,面白かっ,よかっ,内容,俳優,人間,ラスト,ストーリー,キャスト,よく,もっと,やっはり,もう,なく,とても,ちょっと,そんな,その,印象,台詞,面白い,好き,雰囲気,良く,良かっ,素晴らしい,特に,演技,演出,気持ち,本当に,最高,最後,映像,日本,描写,意味,役者,展開,こんな
面白かっ,よかっ,印象,内容,俳優,人間,ラスト,ストーリー,キャスト,よく,やっはり,面白い,もっと,もう,なく,とても,とう,ちょっと,そんな,その,原作,台詞,好き,展開,雰囲気,良く,良かっ,素晴らしい,特に,物語,演技,演出,気持ち,本当に,最高,最後,映像,日本,描写,意味,役者,こんな
そんな,やっはり,こんな,その,ちょっと,印象,内容,俳優,人間,ラスト,ストーリー,キャスト,よく,よかっ,面白い,もっと,もう,なく,とても,とう,原作,面白かっ,好き,展開,雰囲気,良く,良かっ,素晴らしい,特に,物語,演技,演出,気持ち,本当に,最高,最後,映像,日本,描写,意味,役者,台詞
面白かっ,やっはり,その,よく,印象,内容,俳優,人間,ラスト,ストーリー,キャスト,よかっ,そんな,面白い,もっと,もう,なく,とても,とう,ちょっと,原作,台詞,好き,展開,雰囲気,良く,良かっ,素晴らしい,特に,物語,演技,演出,気持ち,本当に,最高,最後,映像,日本,描写,意味,役者,こんな
なく,描写,意味,とう,役者,面白かっ,よく,俳優,人間,ラスト,ストーリー,キャスト,よかっ,印象,やっはり,もっと,もう,とても,ちょっと,そんな,その,内容,台詞,原作,演出,雰囲気,良く,良かっ,素晴らしい,特に,物語,演技,気持ち,面白い,本当に,最高,最後,映像,日本,展開,好き,こんな
演出,面白い,ラスト,描写,面白かっ,そんな,良く,映像,内容,とても,もう,人間,ストーリー,素晴らしい,キャスト,よく,もっと,よかっ,やっはり,なく,とう,ちょっと,その,俳優,台詞,印象,本当に,雰囲気,良かっ,特に,物語,演技,気持ち,最高,原作,最後,日本,意味,役者,展開,好き,こんな
原作,キャスト,印象,ちょっと,よく,物語,最後,好き,内容,俳優,人間,ラスト,ストーリー,面白かっ,よかっ,もっと,もう,なく,とても,とう,そんな,その,やっはり,台詞,面白い,展開,雰囲気,良く,良かっ,素晴らしい,特に,演技,演出,気持ち,本当に,最高,映像,日本,描写,意味,役者,こんな
好き,映像,俳優,人間,演出,ラスト,演技,面白かっ,よかっ,ストーリー,キャスト,よく,もっと,やっはり,印象,もう,なく,とても,とう,ちょっと,そんな,その,内容,台詞,原作,面白い,雰囲気,良く,良かっ,素晴らしい,特に,物語,気持ち,本当に,最高,最後,日本,描写,意味,役者,展開,こんな
面白かっ,よかっ,印象,内容,俳優,人間,ラスト,ストーリー,キャスト,よく,やっはり,面白い,もっと,もう,なく,とても,とう,ちょっと,そんな,その,原作,台詞,好き,展開,雰囲気,良く,良かっ,素晴らしい,特に,物語,演技,演出,気持ち,本当に,最高,最後,映像,日本,描写,意味,役者,こんな
もう,役者,人間,面白かっ,よかっ,内容,俳優,ラスト,ストーリー,キャスト,よく,やっはり,原作,もっと,なく,とても,とう,ちょっと,そんな,その,印象,台詞,面白い,好き,雰囲気,良く,良かっ,素晴らしい,特に,物語,演技,演出,気持ち,本当に,最高,最後,映像,日本,描写,意味,展開,こんな
なく,そんな,もっと,印象,面白かっ,よく,内容,俳優,人間,ラスト,ストーリー,キャスト,やっはり,よかっ,面白い,もう,とても,とう,ちょっと,その,原作,台詞,好き,展開,雰囲気,良く,良かっ,素晴らしい,特に,物語,演技,演出,気持ち,本当に,最高,最後,映像,日本,描写,意味,役者,こんな
好き,良かっ,意味,映像,とても,展開,面白かっ,雰囲気,気持ち,本当に,素晴らしい,演出,ラスト,物語,演技,よく,よかっ,キャスト,やっはり,もっと,とう,もう,なく,ちょっと,そんな,その,ストーリー,台詞,人間,俳優,内容,印象,原作,面白い,役者,描写,日本,最後,最高,特に,良く,こんな
良く,とても,物語,良かっ,面白かっ,やっはり,俳優,人間,ラスト,ストーリー,キャスト,よく,よかっ,もう,もっと,印象,なく,とう,ちょっと,そんな,その,内容,台詞,原作,最高,雰囲気,素晴らしい,特に,演技,演出,気持ち,本当に,最後,面白い,映像,日本,描写,意味,役者,展開,好き,こんな
意味,雰囲気,ちょっと,演技,面白かっ,よかっ,俳優,人間,ラスト,ストーリー,キャスト,よく,もっと,やっはり,印象,もう,なく,とても,とう,そんな,その,内容,台詞,原作,本当に,良く,良かっ,素晴らしい,特に,物語,演出,気持ち,最高,面白い,最後,映像,日本,描写,役者,展開,好き,こんな
原作,とう,物語,面白かっ,よかっ,内容,俳優,人間,ラスト,ストーリー,キャスト,よく,もっと,やっはり,もう,なく,とても,ちょっと,そんな,その,印象,台詞,面白い,好き,雰囲気,良く,良かっ,素晴らしい,特に,演技,演出,気持ち,本当に,最高,最後,映像,日本,描写,意味,役者,展開,こんな
日本,人間,ラスト,その,面白かっ,よかっ,内容,俳優,ストーリー,キャスト,よく,やっはり,原作,もっと,もう,なく,とても,とう,ちょっと,そんな,印象,台詞,面白い,好き,雰囲気,良く,良かっ,素晴らしい,特に,物語,演技,演出,気持ち,本当に,最高,最後,映像,描写,意味,役者,展開,こんな
原作,面白かっ,よかっ,なく,演出,演技,その,よく,内容,俳優,人間,ラスト,ストーリー,キャスト,もっと,やっはり,もう,とても,とう,ちょっと,そんな,印象,台詞,面白い,本当に,雰囲気,良く,良かっ,素晴らしい,特に,物語,気持ち,最高,好き,最後,映像,日本,描写,意味,役者,展開,こんな
台詞,人間,その,よかっ,印象,内容,俳優,ラスト,ストーリー,キャスト,よく,やっはり,面白い,もっと,もう,なく,とても,とう,ちょっと,そんな,原作,面白かっ,好き,展開,雰囲気,良く,良かっ,素晴らしい,特に,物語,演技,演出,気持ち,本当に,最高,最後,映像,日本,描写,意味,役者,こんな
面白かっ,よかっ,印象,内容,俳優,人間,ラスト,ストーリー,キャスト,よく,やっはり,面白い,もっと,もう,なく,とても,とう,ちょっと,そんな,その,原作,台詞,好き,展開,雰囲気,良く,良かっ,素晴らしい,特に,物語,演技,演出,気持ち,本当に,最高,最後,映像,日本,描写,意味,役者,こんな
面白かっ,よかっ,印象,内容,俳優,人間,ラスト,ストーリー,キャスト,よく,やっはり,面白い,もっと,もう,なく,とても,とう,ちょっと,そんな,その,原作,台詞,好き,展開,雰囲気,良く,良かっ,素晴らしい,特に,物語,演技,演出,気持ち,本当に,最高,最後,映像,日本,描写,意味,役者,こんな
印象,もう,ラスト,面白かっ,よかっ,内容,俳優,人間,ストーリー,キャスト,よく,やっはり,面白い,もっと,なく,とても,とう,ちょっと,そんな,その,原作,台詞,好き,展開,雰囲気,良く,良かっ,素晴らしい,特に,物語,演技,演出,気持ち,本当に,最高,最後,映像,日本,描写,意味,役者,こんな
演出,ちょっと,よく,ストーリー,好き,面白かっ,よかっ,内容,俳優,人間,ラスト,キャスト,やっはり,原作,もっと,もう,なく,とても,とう,そんな,その,印象,台詞,面白い,気持ち,雰囲気,良く,良かっ,素晴らしい,特に,物語,演技,本当に,展開,最高,最後,映像,日本,描写,意味,役者,こんな
原作,素晴らしい,好き,面白かっ,よかっ,内容,俳優,人間,ラスト,ストーリー,キャスト,よく,やっはり,もっと,もう,なく,とても,とう,ちょっと,そんな,その,印象,台詞,面白い,気持ち,雰囲気,良く,良かっ,特に,物語,演技,演出,本当に,展開,最高,最後,映像,日本,描写,意味,役者,こんな
印象,面白かっ,よかっ,内容,俳優,人間,ラスト,ストーリー,キャスト,よく,やっはり,面白い,もっと,もう,なく,とても,とう,ちょっと,そんな,その,原作,台詞,好き,展開,雰囲気,良く,良かっ,素晴らしい,特に,物語,演技,演出,気持ち,本当に,最高,最後,映像,日本,描写,意味,役者,こんな
映像,こんな,日本,描写,やっはり,なく,ラスト,よく,俳優,人間,ストーリー,キャスト,よかっ,印象,もっと,もう,とても,とう,ちょっと,そんな,その,内容,面白かっ,原作,演出,雰囲気,良く,良かっ,素晴らしい,特に,物語,演技,気持ち,面白い,本当に,最高,最後,意味,役者,展開,好き,台詞
よく,雰囲気,気持ち,日本,良かっ,その,面白かっ,よかっ,俳優,人間,ラスト,ストーリー,キャスト,もう,やっはり,もっと,印象,なく,とても,とう,ちょっと,そんな,内容,台詞,原作,面白い,良く,素晴らしい,特に,物語,演技,演出,本当に,最高,最後,映像,描写,意味,役者,展開,好き,こんな
好き,とても,とう,本当に,こんな,ストーリー,素晴らしい,ラスト,演技,その,そんな,良く,映像,気持ち,日本,もう,印象,役者,なく,演出,物語,最後,ちょっと,もっと,やっはり,よかっ,よく,キャスト,面白かっ,人間,俳優,内容,原作,面白い,展開,意味,描写,最高,特に,良かっ,雰囲気,台詞
面白かっ,よかっ,印象,内容,俳優,人間,ラスト,ストーリー,キャスト,よく,やっはり,面白い,もっと,もう,なく,とても,とう,ちょっと,そんな,その,原作,台詞,好き,展開,雰囲気,良く,良かっ,素晴らしい,特に,物語,演技,演出,気持ち,本当に,最高,最後,映像,日本,描写,意味,役者,こんな
素晴らしい,こんな,演出,その,とう,人間,演技,よかっ,俳優,ラスト,ストーリー,キャスト,よく,もう,やっはり,もっと,印象,なく,とても,ちょっと,そんな,内容,面白かっ,原作,最高,雰囲気,良く,良かっ,特に,物語,気持ち,本当に,最後,面白い,映像,日本,描写,意味,役者,展開,好き,台詞
面白かっ,よかっ,印象,内容,俳優,人間,ラスト,ストーリー,キャスト,よく,やっはり,面白い,もっと,もう,なく,とても,とう,ちょっと,そんな,その,原作,台詞,好き,展開,雰囲気,良く,良かっ,素晴らしい,特に,物語,演技,演出,気持ち,本当に,最高,最後,映像,日本,描写,意味,役者,こんな
面白い,好き,演技,展開,よかっ,とても,もう,ラスト,最後,俳優,とう,もっと,内容,やっはり,最高,よく,なく,良かっ,その,キャスト,ストーリー,ちょっと,そんな,人間,面白かっ,台詞,印象,原作,役者,意味,描写,日本,映像,本当に,気持ち,演出,物語,特に,素晴らしい,良く,雰囲気,こんな
展開,最高,印象,面白い,内容,俳優,人間,ラスト,ストーリー,キャスト,よく,面白かっ,やっはり,もっと,もう,なく,とても,とう,ちょっと,そんな,その,よかっ,台詞,原作,演出,雰囲気,良く,良かっ,素晴らしい,特に,物語,演技,気持ち,好き,本当に,最後,映像,日本,描写,意味,役者,こんな
役者,面白かっ,よかっ,内容,俳優,人間,ラスト,ストーリー,キャスト,よく,やっはり,原作,もっと,もう,なく,とても,とう,ちょっと,そんな,その,印象,台詞,面白い,好き,雰囲気,良く,良かっ,素晴らしい,特に,物語,演技,演出,気持ち,本当に,最高,最後,映像,日本,描写,意味,展開,こんな
面白かっ,よかっ,印象,内容,俳優,人間,ラスト,ストーリー,キャスト,よく,やっはり,面白い,もっと,もう,なく,とても,とう,ちょっと,そんな,その,原作,台詞,好き,展開,雰囲気,良く,良かっ,素晴らしい,特に,物語,演技,演出,気持ち,本当に,最高,最後,映像,日本,描写,意味,役者,こんな
キャスト,内容,気持ち,最高,演出,面白い,その,よかっ,俳優,人間,ラスト,ストーリー,よく,面白かっ,やっはり,印象,もう,なく,とても,とう,ちょっと,そんな,もっと,台詞,原作,好き,雰囲気,良く,良かっ,素晴らしい,特に,物語,演技,本当に,最後,映像,日本,描写,意味,役者,展開,こんな
意味,そんな,特に,日本,もう,ちょっと,物語,面白かっ,よく,俳優,人間,ラスト,ストーリー,キャスト,もっと,よかっ,やっはり,印象,なく,とても,とう,その,内容,台詞,原作,面白い,雰囲気,良く,良かっ,素晴らしい,演技,演出,気持ち,本当に,最高,最後,映像,描写,役者,展開,好き,こんな
良かっ,原作,キャスト,俳優,日本,こんな,演出,物語,好き,とう,よく,その,人間,ラスト,ストーリー,そんな,ちょっと,よかっ,やっはり,内容,もう,なく,とても,もっと,面白かっ,印象,本当に,雰囲気,良く,素晴らしい,特に,演技,気持ち,最高,面白い,最後,映像,描写,意味,役者,展開,台詞
面白かっ,よかっ,印象,内容,俳優,人間,ラスト,ストーリー,キャスト,よく,やっはり,面白い,もっと,もう,なく,とても,とう,ちょっと,そんな,その,原作,台詞,好き,展開,雰囲気,良く,良かっ,素晴らしい,特に,物語,演技,演出,気持ち,本当に,最高,最後,映像,日本,描写,意味,役者,こんな
よく,面白かっ,もっと,良く,とう,日本,ストーリー,面白い,なく,もう,とても,印象,よかっ,ちょっと,キャスト,そんな,その,ラスト,人間,俳優,内容,やっはり,台詞,原作,気持ち,雰囲気,良かっ,素晴らしい,特に,物語,演技,演出,本当に,好き,最高,最後,映像,描写,意味,役者,展開,こんな
面白かっ,よかっ,印象,内容,俳優,人間,ラスト,ストーリー,キャスト,よく,やっはり,面白い,もっと,もう,なく,とても,とう,ちょっと,そんな,その,原作,台詞,好き,展開,雰囲気,良く,良かっ,素晴らしい,特に,物語,演技,演出,気持ち,本当に,最高,最後,映像,日本,描写,意味,役者,こんな
ストーリー,面白い,印象,こんな,最後,好き,とう,内容,俳優,人間,ラスト,その,キャスト,ちょっと,よく,そんな,やっはり,もっと,もう,なく,とても,よかっ,面白かっ,原作,演出,雰囲気,良く,良かっ,素晴らしい,特に,物語,演技,気持ち,展開,本当に,最高,映像,日本,描写,意味,役者,台詞
面白かっ,こんな,雰囲気,良く,最後,好き,よかっ,俳優,人間,ラスト,ストーリー,キャスト,よく,その,そんな,内容,もっと,もう,なく,とても,とう,ちょっと,やっはり,原作,印象,面白い,良かっ,素晴らしい,特に,物語,演技,演出,気持ち,本当に,最高,映像,日本,描写,意味,役者,展開,台詞
本当に,好き,原作,内容,俳優,人間,ラスト,ストーリー,キャスト,よく,よかっ,面白かっ,やっはり,もっと,もう,なく,とても,とう,ちょっと,そんな,その,印象,台詞,面白い,演出,雰囲気,良く,良かっ,素晴らしい,特に,物語,演技,気持ち,展開,最高,最後,映像,日本,描写,意味,役者,こんな
原作,意味,キャスト,もっと,内容,本当に,印象,こんな,人間,物語,好き,なく,もう,とても,とう,よかっ,よく,ちょっと,ストーリー,そんな,ラスト,俳優,その,やっはり,面白かっ,面白い,演出,雰囲気,良く,良かっ,素晴らしい,特に,演技,気持ち,展開,最高,最後,映像,日本,描写,役者,台詞
面白かっ,よかっ,印象,内容,俳優,人間,ラスト,ストーリー,キャスト,よく,やっはり,面白い,もっと,もう,なく,とても,とう,ちょっと,そんな,その,原作,台詞,好き,展開,雰囲気,良く,良かっ,素晴らしい,特に,物語,演技,演出,気持ち,本当に,最高,最後,映像,日本,描写,意味,役者,こんな
そんな,人間,台詞,雰囲気,良く,気持ち,もう,素晴らしい,ラスト,好き,よかっ,ストーリー,キャスト,よく,なく,やっはり,もっと,内容,とても,とう,ちょっと,その,俳優,面白かっ,印象,原作,良かっ,特に,物語,演技,演出,本当に,最高,最後,映像,日本,描写,意味,役者,展開,面白い,こんな
面白かっ,よかっ,印象,内容,俳優,人間,ラスト,ストーリー,キャスト,よく,やっはり,面白い,もっと,もう,なく,とても,とう,ちょっと,そんな,その,原作,台詞,好き,展開,雰囲気,良く,良かっ,素晴らしい,特に,物語,演技,演出,気持ち,本当に,最高,最後,映像,日本,描写,意味,役者,こんな
面白かっ,よかっ,印象,内容,俳優,人間,ラスト,ストーリー,キャスト,よく,やっはり,面白い,もっと,もう,なく,とても,とう,ちょっと,そんな,その,原作,台詞,好き,展開,雰囲気,良く,良かっ,素晴らしい,特に,物語,演技,演出,気持ち,本当に,最高,最後,映像,日本,描写,意味,役者,こんな
よく,面白かっ,よかっ,印象,内容,俳優,人間,ラスト,ストーリー,キャスト,やっはり,面白い,もっと,もう,なく,とても,とう,ちょっと,そんな,その,原作,台詞,好き,展開,雰囲気,良く,良かっ,素晴らしい,特に,物語,演技,演出,気持ち,本当に,最高,最後,映像,日本,描写,意味,役者,こんな
映像,よく,演出,好き,やっはり,もう,ちょっと,ストーリー,物語,台詞,キャスト,展開,特に,雰囲気,内容,日本,本当に,よかっ,人間,素晴らしい,面白い,良かっ,とう,とても,なく,もっと,その,そんな,面白かっ,ラスト,俳優,印象,原作,役者,意味,描写,最後,最高,気持ち,演技,良く,こんな
気持ち,展開,良く,よかっ,本当に,最高,とても,ラスト,物語,良かっ,演技,好き,その,やっはり,ストーリー,キャスト,よく,もっと,とう,もう,なく,そんな,人間,ちょっと,面白かっ,台詞,俳優,内容,印象,原作,面白い,役者,意味,描写,日本,映像,最後,演出,特に,素晴らしい,雰囲気,こんな
もっと,良かっ,俳優,良く,よかっ,とても,演出,面白かっ,人間,ラスト,ストーリー,キャスト,よく,もう,やっはり,印象,なく,とう,ちょっと,そんな,その,内容,台詞,原作,最高,雰囲気,素晴らしい,特に,物語,演技,気持ち,本当に,最後,面白い,映像,日本,描写,意味,役者,展開,好き,こんな
そんな,良く,気持ち,演出,演技,その,面白かっ,よかっ,俳優,人間,ラスト,ストーリー,キャスト,よく,なく,やっはり,もっと,もう,印象,とても,とう,ちょっと,内容,台詞,原作,面白い,雰囲気,良かっ,素晴らしい,特に,物語,本当に,最高,最後,映像,日本,描写,意味,役者,展開,好き,こんな
好き,映像,内容,物語,良かっ,意味,雰囲気,日本,よく,面白い,展開,特に,とう,良く,本当に,やっはり,ちょっと,こんな,その,台詞,キャスト,もっと,気持ち,もう,人間,ストーリー,素晴らしい,なく,演技,役者,そんな,演出,とても,よかっ,描写,最高,ラスト,俳優,最後,印象,原作,面白かっ
面白かっ,よかっ,印象,内容,俳優,人間,ラスト,ストーリー,キャスト,よく,やっはり,面白い,もっと,もう,なく,とても,とう,ちょっと,そんな,その,原作,台詞,好き,展開,雰囲気,良く,良かっ,素晴らしい,特に,物語,演技,演出,気持ち,本当に,最高,最後,映像,日本,描写,意味,役者,こんな
人間,好き,描写,ラスト,とても,面白い,物語,映像,印象,よく,ストーリー,素晴らしい,良かっ,台詞,意味,俳優,展開,良く,気持ち,日本,やっはり,もう,ちょっと,こんな,なく,最後,内容,演技,その,そんな,雰囲気,とう,特に,もっと,原作,演出,よかっ,本当に,キャスト,最高,役者,面白かっ
とても,良かっ,展開,もっと,もう,その,面白かっ,キャスト,内容,俳優,人間,ラスト,ストーリー,やっはり,よく,よかっ,原作,なく,とう,ちょっと,そんな,印象,台詞,面白い,気持ち,雰囲気,良く,素晴らしい,特に,物語,演技,演出,本当に,好き,最高,最後,映像,日本,描写,意味,役者,こんな
描写,面白かっ,よかっ,内容,俳優,人間,ラスト,ストーリー,キャスト,よく,やっはり,原作,もっと,もう,なく,とても,とう,ちょっと,そんな,その,印象,台詞,面白い,好き,雰囲気,良く,良かっ,素晴らしい,特に,物語,演技,演出,気持ち,本当に,最高,最後,映像,日本,意味,役者,展開,こんな
好き,雰囲気,面白かっ,よかっ,内容,俳優,人間,ラスト,ストーリー,キャスト,よく,やっはり,原作,もっと,もう,なく,とても,とう,ちょっと,そんな,その,印象,台詞,面白い,気持ち,良く,良かっ,素晴らしい,特に,物語,演技,演出,本当に,展開,最高,最後,映像,日本,描写,意味,役者,こんな
好き,役者,ちょっと,人間,演技,その,意味,俳優,気持ち,やっはり,本当に,最高,面白い,台詞,キャスト,展開,そんな,面白かっ,特に,映像,とう,内容,もう,印象,よく,ストーリー,素晴らしい,演出,なく,ラスト,良かっ,雰囲気,良く,とても,描写,もっと,よかっ,日本,物語,原作,最後,こんな
気持ち,本当に,良かっ,台詞,映像,とても,ラスト,最後,その,やっはり,人間,ストーリー,キャスト,よく,よかっ,そんな,ちょっと,もっと,内容,もう,なく,とう,俳優,面白かっ,印象,原作,雰囲気,良く,素晴らしい,特に,物語,演技,演出,最高,日本,描写,意味,役者,展開,好き,面白い,こんな
展開,ラスト,雰囲気,本当に,最高,よく,面白い,良かっ,その,好き,描写,良く,とう,もう,印象,役者,ちょっと,こんな,最後,やっはり,もっと,なく,よかっ,とても,そんな,キャスト,ストーリー,面白かっ,人間,俳優,内容,原作,意味,日本,映像,気持ち,演出,演技,物語,特に,素晴らしい,台詞
物語,面白かっ,やっはり,内容,俳優,人間,ラスト,ストーリー,キャスト,よく,よかっ,もっと,原作,もう,なく,とても,とう,ちょっと,そんな,その,印象,台詞,面白い,好き,雰囲気,良く,良かっ,素晴らしい,特に,演技,演出,気持ち,本当に,最高,最後,映像,日本,描写,意味,役者,展開,こんな
特に,素晴らしい,なく,物語,演技,やっはり,俳優,人間,ラスト,ストーリー,キャスト,よく,よかっ,面白かっ,もっと,もう,印象,とても,とう,ちょっと,そんな,その,内容,台詞,原作,面白い,雰囲気,良く,良かっ,演出,気持ち,本当に,最高,最後,映像,日本,描写,意味,役者,展開,好き,こんな
好き,やっはり,ラスト,台詞,映像,本当に,とても,ストーリー,なく,最後,良かっ,キャスト,意味,そんな,特に,とう,良く,気持ち,日本,よかっ,ちょっと,よく,演技,その,もう,もっと,面白かっ,人間,俳優,内容,印象,原作,面白い,展開,役者,描写,最高,演出,物語,素晴らしい,雰囲気,こんな
雰囲気,良く,こんな,良かっ,やっはり,俳優,人間,ラスト,ストーリー,キャスト,よく,よかっ,もう,もっと,印象,なく,とても,とう,ちょっと,そんな,その,内容,面白かっ,原作,最高,素晴らしい,特に,物語,演技,演出,気持ち,本当に,最後,面白い,映像,日本,描写,意味,役者,展開,好き,台詞
最後,面白かっ,映像,やっはり,よかっ,ストーリー,好き,描写,台詞,そんな,日本,最高,印象,よく,人間,素晴らしい,なく,面白い,良かっ,もっと,良く,雰囲気,演出,キャスト,とても,とう,ちょっと,その,もう,俳優,ラスト,気持ち,内容,原作,展開,役者,意味,特に,物語,演技,本当に,こんな
面白かっ,よかっ,印象,内容,俳優,人間,ラスト,ストーリー,キャスト,よく,やっはり,面白い,もっと,もう,なく,とても,とう,ちょっと,そんな,その,原作,台詞,好き,展開,雰囲気,良く,良かっ,素晴らしい,特に,物語,演技,演出,気持ち,本当に,最高,最後,映像,日本,描写,意味,役者,こんな
内容,役者,好き,台詞,意味,原作,展開,面白かっ,雰囲気,映像,気持ち,よかっ,とても,よく,人間,ストーリー,面白い,物語,最後,演技,とう,キャスト,なく,もう,もっと,やっはり,ちょっと,そんな,その,俳優,ラスト,演出,印象,良く,良かっ,素晴らしい,特に,描写,日本,最高,本当に,こんな
面白かっ,よかっ,印象,内容,俳優,人間,ラスト,ストーリー,キャスト,よく,やっはり,面白い,もっと,もう,なく,とても,とう,ちょっと,そんな,その,原作,台詞,好き,展開,雰囲気,良く,良かっ,素晴らしい,特に,物語,演技,演出,気持ち,本当に,最高,最後,映像,日本,描写,意味,役者,こんな
展開,そんな,気持ち,よく,好き,面白かっ,よかっ,俳優,人間,ラスト,ストーリー,キャスト,やっはり,印象,もっと,もう,なく,とても,とう,ちょっと,その,内容,台詞,原作,演出,雰囲気,良く,良かっ,素晴らしい,特に,物語,演技,本当に,面白い,最高,最後,映像,日本,描写,意味,役者,こんな
演技,最高,面白い,面白かっ,もっと,やっはり,よかっ,こんな,物語,雰囲気,ラスト,ストーリー,キャスト,よく,良かっ,良く,もう,演出,なく,とても,とう,ちょっと,そんな,その,人間,俳優,内容,印象,原作,素晴らしい,好き,展開,役者,意味,描写,日本,映像,最後,特に,本当に,気持ち,台詞
面白い,面白かっ,よかっ,印象,内容,俳優,人間,ラスト,ストーリー,キャスト,よく,やっはり,もっと,もう,なく,とても,とう,ちょっと,そんな,その,原作,台詞,好き,展開,雰囲気,良く,良かっ,素晴らしい,特に,物語,演技,演出,気持ち,本当に,最高,最後,映像,日本,描写,意味,役者,こんな
そんな,演出,良かっ,描写,原作,俳優,もっと,ちょっと,素晴らしい,なく,最後,台詞,キャスト,意味,展開,特に,とう,内容,やっはり,もう,人間,面白い,物語,演技,好き,その,よかっ,とても,よく,面白かっ,ストーリー,ラスト,印象,役者,日本,映像,最高,本当に,気持ち,良く,雰囲気,こんな
ストーリー,演出,特に,良く,映像,もっと,内容,なく,ラスト,物語,良かっ,その,よかっ,人間,キャスト,よく,面白かっ,やっはり,もう,とても,とう,ちょっと,そんな,俳優,台詞,印象,最後,雰囲気,素晴らしい,演技,気持ち,本当に,最高,日本,原作,描写,意味,役者,展開,好き,面白い,こんな
面白い,よく,好き,そんな,気持ち,こんな,ストーリー,ラスト,その,描写,意味,面白かっ,映像,ちょっと,人間,物語,雰囲気,特に,良く,とう,もっと,内容,本当に,やっはり,日本,もう,演出,なく,最後,良かっ,とても,最高,よかっ,キャスト,素晴らしい,俳優,印象,原作,演技,展開,役者,台詞
ラスト,演技,その,キャスト,本当に,日本,役者,最後,俳優,面白かっ,映像,最高,もう,素晴らしい,演出,面白い,物語,好き,よかっ,そんな,ちょっと,よく,とても,やっはり,なく,とう,ストーリー,もっと,台詞,人間,内容,印象,原作,展開,意味,描写,気持ち,特に,良かっ,良く,雰囲気,こんな
好き,面白かっ,やっはり,その,最高,ちょっと,役者,物語,演技,キャスト,俳優,雰囲気,特に,とう,もっと,よかっ,日本,印象,こんな,人間,演出,面白い,最後,展開,気持ち,良く,そんな,良かっ,素晴らしい,とても,なく,もう,よく,本当に,意味,ストーリー,ラスト,映像,内容,描写,原作,台詞
ちょっと,やっはり,よかっ,印象,内容,俳優,人間,ラスト,ストーリー,キャスト,よく,面白かっ,面白い,もっと,もう,なく,とても,とう,そんな,その,原作,台詞,好き,展開,雰囲気,良く,良かっ,素晴らしい,特に,物語,演技,演出,気持ち,本当に,最高,最後,映像,日本,描写,意味,役者,こんな
演技,その,台詞,日本,ストーリー,好き,よかっ,俳優,人間,ラスト,キャスト,よく,やっはり,印象,もっと,もう,なく,とても,とう,ちょっと,そんな,内容,面白かっ,原作,気持ち,雰囲気,良く,良かっ,素晴らしい,特に,物語,演出,本当に,面白い,最高,最後,映像,描写,意味,役者,展開,こんな
演技,日本,物語,面白かっ,最高,人間,素晴らしい,良かっ,好き,やっはり,ラスト,ストーリー,キャスト,よく,よかっ,その,そんな,ちょっと,もう,俳優,なく,とても,とう,もっと,台詞,内容,最後,雰囲気,良く,特に,演出,気持ち,本当に,映像,印象,描写,意味,役者,展開,面白い,原作,こんな
演技,雰囲気,そんな,面白い,よかっ,内容,俳優,人間,ラスト,ストーリー,キャスト,よく,面白かっ,やっはり,印象,もう,なく,とても,とう,ちょっと,その,もっと,台詞,原作,本当に,良く,良かっ,素晴らしい,特に,物語,演出,気持ち,最高,好き,最後,映像,日本,描写,意味,役者,展開,こんな
描写,面白かっ,日本,面白い,その,原作,展開,良く,内容,気持ち,本当に,やっはり,とても,役者,なく,好き,もっと,ラスト,よかっ,もう,よく,とう,ちょっと,キャスト,そんな,ストーリー,台詞,人間,俳優,印象,意味,映像,最後,最高,演出,演技,物語,特に,素晴らしい,良かっ,雰囲気,こんな
よく,素晴らしい,ラスト,面白かっ,やっはり,内容,俳優,人間,ストーリー,キャスト,よかっ,もっと,原作,もう,なく,とても,とう,ちょっと,そんな,その,印象,台詞,面白い,好き,雰囲気,良く,良かっ,特に,物語,演技,演出,気持ち,本当に,最高,最後,映像,日本,描写,意味,役者,展開,こんな
描写,意味,なく,面白かっ,よく,内容,俳優,人間,ラスト,ストーリー,キャスト,よかっ,原作,やっはり,もっと,もう,とても,とう,ちょっと,そんな,その,印象,台詞,面白い,演出,雰囲気,良く,良かっ,素晴らしい,特に,物語,演技,気持ち,好き,本当に,最高,最後,映像,日本,役者,展開,こんな
物語,最後,好き,原作,ちょっと,演技,俳優,人間,ラスト,ストーリー,キャスト,よく,よかっ,面白かっ,やっはり,内容,もう,なく,とても,とう,そんな,その,もっと,台詞,印象,面白い,雰囲気,良く,良かっ,素晴らしい,特に,演出,気持ち,本当に,最高,映像,日本,描写,意味,役者,展開,こんな
原作,ちょっと,映像,とても,台詞,俳優,面白かっ,よかっ,印象,もう,人間,素晴らしい,物語,最後,良かっ,演技,その,好き,よく,もっと,やっはり,ストーリー,なく,良く,とう,雰囲気,そんな,キャスト,内容,ラスト,面白い,展開,役者,意味,描写,日本,特に,最高,本当に,気持ち,演出,こんな
好き,面白かっ,面白い,良く,よく,ストーリー,良かっ,雰囲気,気持ち,日本,やっはり,最高,とても,こんな,人間,最後,映像,キャスト,その,そんな,ちょっと,とう,素晴らしい,なく,もう,もっと,特に,よかっ,物語,演技,ラスト,俳優,内容,印象,原作,演出,本当に,展開,役者,意味,描写,台詞
面白い,好き,もっと,印象,ストーリー,なく,最後,特に,とう,良く,ラスト,原作,俳優,そんな,気持ち,やっはり,よかっ,最高,ちょっと,演出,物語,良かっ,その,キャスト,面白かっ,よく,もう,とても,台詞,人間,内容,展開,役者,意味,描写,日本,映像,本当に,演技,素晴らしい,雰囲気,こんな
面白かっ,よかっ,印象,内容,俳優,人間,ラスト,ストーリー,キャスト,よく,やっはり,面白い,もっと,もう,なく,とても,とう,ちょっと,そんな,その,原作,台詞,好き,展開,雰囲気,良く,良かっ,素晴らしい,特に,物語,演技,演出,気持ち,本当に,最高,最後,映像,日本,描写,意味,役者,こんな
原作,最後,良かっ,描写,特に,とう,もっと,よかっ,日本,もう,印象,こんな,ちょっと,演出,演技,その,人間,なく,とても,やっはり,よく,キャスト,ストーリー,そんな,ラスト,面白かっ,俳優,内容,面白い,好き,展開,役者,意味,映像,最高,本当に,気持ち,物語,素晴らしい,良く,雰囲気,台詞
好き,印象,演出,俳優,面白かっ,そんな,内容,気持ち,やっはり,こんな,ラスト,物語,最後,良かっ,演技,ちょっと,とう,とても,なく,ストーリー,雰囲気,もっと,良く,よかっ,よく,その,キャスト,もう,人間,本当に,素晴らしい,特に,原作,面白い,展開,役者,意味,描写,日本,映像,最高,台詞
内容,とても,面白い,最後,良かっ,描写,キャスト,意味,特に,良く,本当に,こんな,素晴らしい,ラスト,好き,なく,もう,もっと,とう,ちょっと,やっはり,よかっ,そんな,よく,その,ストーリー,面白かっ,人間,俳優,印象,原作,展開,役者,日本,映像,最高,気持ち,演出,演技,物語,雰囲気,台詞
原作,良かっ,よかっ,こんな,ちょっと,素晴らしい,展開,もっと,内容,本当に,やっはり,とても,印象,もう,ストーリー,物語,なく,俳優,とう,よく,キャスト,そんな,ラスト,人間,その,面白かっ,面白い,好き,役者,意味,描写,日本,映像,最後,最高,気持ち,演出,演技,特に,良く,雰囲気,台詞
よかっ,俳優,日本,面白い,原作,そんな,特に,良く,とう,やっはり,よく,役者,物語,最後,演技,もっと,人間,もう,なく,とても,キャスト,ちょっと,その,ストーリー,ラスト,面白かっ,台詞,内容,印象,好き,展開,意味,描写,映像,最高,本当に,気持ち,演出,素晴らしい,良かっ,雰囲気,こんな
特に,雰囲気,もう,ストーリー,描写,面白かっ,もっと,とう,映像,良く,よかっ,日本,印象,とても,よく,ちょっと,素晴らしい,なく,最後,良かっ,その,やっはり,人間,そんな,キャスト,ラスト,台詞,俳優,内容,原作,面白い,好き,展開,役者,意味,最高,本当に,気持ち,演出,演技,物語,こんな
本当に,役者,素晴らしい,演技,やっはり,俳優,人間,ラスト,ストーリー,キャスト,よく,よかっ,面白かっ,もっと,印象,もう,なく,とても,とう,ちょっと,そんな,その,内容,台詞,原作,面白い,雰囲気,良く,良かっ,特に,物語,演出,気持ち,最高,最後,映像,日本,描写,意味,展開,好き,こんな
原作,気持ち,日本,こんな,素晴らしい,最後,その,よかっ,俳優,人間,ラスト,ストーリー,キャスト,よく,ちょっと,やっはり,内容,そんな,もう,なく,とても,とう,もっと,面白かっ,印象,面白い,雰囲気,良く,良かっ,特に,物語,演技,演出,本当に,最高,映像,描写,意味,役者,展開,好き,台詞
好き,良かっ,意味,雰囲気,特に,そんな,気持ち,やっはり,最高,印象,役者,よく,素晴らしい,なく,演出,面白い,演技,よかっ,面白かっ,とう,もっと,もう,とても,ストーリー,ちょっと,その,キャスト,台詞,ラスト,人間,俳優,内容,原作,展開,描写,日本,映像,最後,本当に,物語,良く,こんな
面白かっ,もっと,台詞,原作,意味,キャスト,俳優,特に,映像,内容,最後,好き,ラスト,ストーリー,その,よく,よかっ,そんな,ちょっと,雰囲気,人間,もう,なく,とても,とう,やっはり,良く,印象,良かっ,面白い,展開,役者,描写,日本,最高,本当に,気持ち,演出,演技,物語,素晴らしい,こんな
良かっ,好き,よく,面白かっ,もっと,日本,よかっ,やっはり,ちょっと,ストーリー,素晴らしい,演出,面白い,ラスト,物語,最後,意味,展開,特に,そんな,映像,良く,とう,本当に,最高,もう,印象,こんな,役者,なく,その,人間,キャスト,俳優,内容,原作,描写,とても,気持ち,演技,雰囲気,台詞
ラスト,物語,演技,面白かっ,やっはり,内容,俳優,人間,ストーリー,キャスト,よく,よかっ,もっと,原作,もう,なく,とても,とう,ちょっと,そんな,その,印象,台詞,面白い,本当に,雰囲気,良く,良かっ,素晴らしい,特に,演出,気持ち,最高,好き,最後,映像,日本,描写,意味,役者,展開,こんな
日本,そんな,最高,なく,良かっ,もう,とても,よく,こんな,ストーリー,演出,演技,その,好き,とう,内容,もっと,やっはり,ちょっと,よかっ,キャスト,ラスト,人間,俳優,面白かっ,印象,本当に,雰囲気,良く,素晴らしい,特に,物語,気持ち,最後,原作,映像,描写,意味,役者,展開,面白い,台詞
ストーリー,なく,好き,面白い,物語,最後,キャスト,とう,内容,気持ち,やっはり,本当に,最高,もう,役者,人間,その,もっと,よかっ,よく,とても,ちょっと,そんな,ラスト,面白かっ,台詞,俳優,印象,原作,展開,意味,描写,日本,映像,演出,演技,特に,素晴らしい,良かっ,良く,雰囲気,こんな
もっと,演技,ラスト,台詞,良く,日本,やっはり,最高,もう,人間,なく,面白い,良かっ,好き,その,とう,とても,俳優,ちょっと,そんな,よかっ,よく,キャスト,ストーリー,面白かっ,内容,本当に,雰囲気,素晴らしい,特に,物語,演出,気持ち,最後,印象,映像,描写,意味,役者,展開,原作,こんな
最高,原作,よかっ,とても,キャスト,特に,気持ち,日本,演出,ラスト,良かっ,その,ストーリー,よく,やっはり,面白かっ,もっと,もう,俳優,なく,とう,ちょっと,そんな,人間,台詞,内容,最後,雰囲気,良く,素晴らしい,物語,演技,本当に,映像,印象,描写,意味,役者,展開,好き,面白い,こんな
良かっ,日本,素晴らしい,最後,演技,原作,面白かっ,もっと,やっはり,本当に,最高,印象,よく,なく,ラスト,好き,そんな,ちょっと,もう,よかっ,人間,キャスト,その,とても,ストーリー,とう,台詞,俳優,内容,面白い,展開,役者,意味,描写,映像,気持ち,演出,物語,特に,良く,雰囲気,こんな
展開,最後,面白い,面白かっ,好き,ラスト,物語,演出,その,最高,とても,よく,役者,意味,映像,良く,素晴らしい,描写,キャスト,もっと,とう,気持ち,内容,本当に,人間,ストーリー,良かっ,演技,ちょっと,なく,そんな,もう,台詞,やっはり,よかっ,俳優,印象,原作,日本,特に,雰囲気,こんな
内容,本当に,とう,よく,最後,演技,面白かっ,なく,面白い,意味,日本,印象,とても,ちょっと,役者,人間,ラスト,良かっ,好き,やっはり,もっと,よかっ,そんな,キャスト,もう,その,ストーリー,台詞,俳優,原作,展開,描写,映像,最高,気持ち,演出,物語,特に,素晴らしい,良く,雰囲気,こんな
好き,原作,展開,内容,やっはり,とても,印象,ラスト,良かっ,その,ちょっと,ストーリー,そんな,俳優,人間,キャスト,とう,よく,よかっ,もっと,もう,なく,面白かっ,台詞,面白い,役者,雰囲気,良く,素晴らしい,特に,物語,演技,演出,気持ち,本当に,最高,最後,映像,日本,描写,意味,こんな
素晴らしい,良かっ,演技,その,そんな,日本,好き,良く,内容,とても,こんな,人間,なく,物語,描写,雰囲気,気持ち,よかっ,よく,ちょっと,ストーリー,演出,面白い,最後,もっと,やっはり,もう,キャスト,とう,面白かっ,ラスト,俳優,印象,原作,展開,役者,意味,映像,最高,本当に,特に,台詞
原作,特に,印象,演出,ラスト,演技,その,よかっ,内容,俳優,人間,ストーリー,キャスト,よく,面白かっ,やっはり,もっと,なく,とても,とう,ちょっと,そんな,もう,台詞,面白い,好き,雰囲気,良く,良かっ,素晴らしい,物語,気持ち,本当に,最高,最後,映像,日本,描写,意味,役者,展開,こんな
良かっ,俳優,描写,台詞,よかっ,役者,こんな,演出,演技,原作,キャスト,展開,雰囲気,特に,もっと,良く,内容,日本,ストーリー,素晴らしい,面白い,ラスト,物語,印象,気持ち,その,そんな,ちょっと,とう,とても,なく,もう,やっはり,好き,本当に,よく,最高,最後,映像,人間,意味,面白かっ
好き,面白かっ,もう,良かっ,演技,その,最高,ちょっと,最後,台詞,意味,展開,雰囲気,日本,やっはり,本当に,印象,よく,役者,ストーリー,演出,なく,物語,素晴らしい,もっと,気持ち,とても,とう,よかっ,そんな,良く,人間,キャスト,ラスト,俳優,内容,原作,面白い,特に,描写,映像,こんな
原作,演技,その,好き,最後,最高,素晴らしい,演出,良かっ,俳優,特に,もっと,よかっ,もう,ちょっと,面白い,描写,意味,面白かっ,印象,ストーリー,なく,台詞,キャスト,展開,雰囲気,とう,内容,日本,本当に,とても,役者,よく,人間,ラスト,物語,良く,そんな,やっはり,気持ち,映像,こんな
原作,最後,人間,映像,よかっ,役者,ストーリー,面白い,その,意味,展開,もっと,本当に,ちょっと,よく,なく,ラスト,物語,良かっ,演技,キャスト,そんな,やっはり,もう,とても,とう,面白かっ,台詞,俳優,内容,印象,好き,描写,日本,最高,気持ち,演出,特に,素晴らしい,良く,雰囲気,こんな
気持ち,好き,その,雰囲気,良く,映像,内容,もう,こんな,ちょっと,素晴らしい,面白い,良かっ,とう,とても,人間,そんな,もっと,やっはり,よかっ,よく,キャスト,ストーリー,ラスト,なく,面白かっ,俳優,印象,原作,展開,役者,意味,描写,日本,最後,最高,本当に,演出,演技,物語,特に,台詞
原作,演技,雰囲気,良く,もう,役者,なく,演出,良かっ,その,特に,やっはり,最高,ちょっと,最後,ストーリー,キャスト,よく,よかっ,面白かっ,もっと,とても,人間,とう,そんな,ラスト,台詞,俳優,内容,印象,面白い,好き,展開,意味,描写,日本,映像,本当に,気持ち,物語,素晴らしい,こんな
人間,映像,意味,とても,こんな,好き,よく,俳優,ラスト,ストーリー,キャスト,よかっ,印象,やっはり,もっと,もう,なく,とう,ちょっと,そんな,その,内容,面白かっ,原作,演出,雰囲気,良く,良かっ,素晴らしい,特に,物語,演技,気持ち,面白い,本当に,最高,最後,日本,描写,役者,展開,台詞
ラスト,よかっ,役者,人間,演技,好き,良かっ,俳優,展開,面白かっ,やっはり,本当に,最高,面白い,物語,その,描写,もっと,とう,気持ち,印象,とても,ちょっと,こんな,ストーリー,素晴らしい,演出,なく,最後,もう,雰囲気,そんな,良く,特に,内容,原作,映像,よく,キャスト,日本,意味,台詞
原作,映像,良かっ,演技,人間,面白かっ,ラスト,内容,描写,最後,演出,面白い,よく,意味,展開,物語,ちょっと,ストーリー,好き,なく,本当に,よかっ,最高,もう,素晴らしい,その,とても,こんな,役者,特に,雰囲気,とう,良く,気持ち,やっはり,そんな,印象,台詞,キャスト,俳優,もっと,日本
役者,原作,演技,好き,良かっ,もっと,よかっ,もう,ラスト,キャスト,そんな,とても,人間,素晴らしい,雰囲気,ちょっと,面白い,最後,描写,特に,とう,よく,なく,演出,物語,やっはり,印象,ストーリー,台詞,意味,俳優,展開,面白かっ,良く,内容,気持ち,日本,最高,こんな,映像,本当に,その
好き,演技,よかっ,ちょっと,本当に,もう,こんな,よく,素晴らしい,演出,ラスト,物語,人間,ストーリー,キャスト,なく,やっはり,もっと,内容,とても,とう,そんな,その,俳優,面白かっ,印象,最後,雰囲気,良く,良かっ,特に,気持ち,最高,映像,原作,日本,描写,意味,役者,展開,面白い,台詞
良かっ,素晴らしい,よかっ,演技,役者,ストーリー,展開,面白かっ,とても,描写,意味,キャスト,そんな,良く,気持ち,印象,ちょっと,面白い,原作,俳優,特に,とう,映像,本当に,やっはり,よく,人間,演出,なく,最後,その,もっと,もう,台詞,ラスト,内容,好き,日本,最高,物語,雰囲気,こんな
面白い,面白かっ,描写,良かっ,演技,ラスト,最高,本当に,役者,素晴らしい,最後,もっと,ストーリー,特に,よかっ,もう,印象,演出,意味,俳優,良く,こんな,なく,その,好き,キャスト,そんな,内容,気持ち,とても,よく,映像,やっはり,ちょっと,物語,とう,原作,雰囲気,日本,人間,展開,台詞
原作,良かっ,演技,最後,描写,とても,素晴らしい,映像,よかっ,ラスト,好き,特に,物語,その,演出,そんな,ちょっと,なく,台詞,気持ち,やっはり,本当に,印象,役者,キャスト,意味,とう,内容,もう,よく,面白かっ,良く,最高,ストーリー,展開,雰囲気,俳優,もっと,日本,こんな,人間,面白い
俳優,本当に,役者,演技,良かっ,ちょっと,ストーリー,面白い,最後,キャスト,素晴らしい,雰囲気,気持ち,内容,最高,もう,なく,描写,台詞,意味,展開,そんな,面白かっ,もっと,印象,とても,よく,こんな,人間,ラスト,物語,その,日本,映像,よかっ,原作,演出,好き,とう,特に,良く,やっはり
演技,描写,良かっ,ちょっと,最後,展開,もっと,日本,もう,役者,ラスト,その,台詞,俳優,そんな,映像,良く,よかっ,印象,こんな,人間,ストーリー,素晴らしい,演出,面白い,好き,雰囲気,特に,とう,とても,なく,物語,気持ち,やっはり,よく,キャスト,本当に,最高,内容,意味,原作,面白かっ
面白かっ,好き,面白い,キャスト,最後,演技,やっはり,ちょっと,ラスト,展開,最高,良かっ,気持ち,よかっ,こんな,その,もっと,とても,役者,よく,ストーリー,素晴らしい,俳優,特に,内容,本当に,もう,雰囲気,映像,良く,印象,人間,なく,台詞,とう,描写,物語,原作,演出,そんな,意味,日本
面白かっ,よかっ,良かっ,ストーリー,展開,面白い,日本,よく,なく,雰囲気,好き,とても,ちょっと,演技,内容,印象,演出,ラスト,最後,その,意味,原作,特に,もっと,最高,もう,物語,良く,映像,やっはり,こんな,描写,キャスト,俳優,そんな,とう,本当に,役者,人間,素晴らしい,気持ち,台詞
原作,良かっ,面白かっ,好き,素晴らしい,その,ラスト,演出,面白い,最後,演技,よかっ,描写,もう,展開,本当に,最高,とう,キャスト,内容,よく,役者,そんな,なく,ちょっと,こんな,人間,物語,ストーリー,意味,特に,良く,気持ち,やっはり,もっと,とても,雰囲気,映像,印象,台詞,日本,俳優
役者,キャスト,最後,演技,その,ストーリー,ちょっと,物語,台詞,良かっ,意味,俳優,そんな,良く,もっと,とう,もう,印象,素晴らしい,演出,映像,気持ち,内容,やっはり,とても,ラスト,好き,描写,雰囲気,特に,日本,よかっ,本当に,最高,人間,なく,面白かっ,よく,原作,面白い,展開,こんな
良かっ,演技,本当に,キャスト,映像,内容,役者,ストーリー,好き,最後,素晴らしい,台詞,展開,特に,なく,意味,原作,その,よかっ,そんな,よく,演出,ラスト,物語,俳優,雰囲気,もっと,やっはり,とても,ちょっと,こんな,描写,面白かっ,とう,良く,気持ち,日本,最高,人間,印象,面白い,もう
良かっ,面白かっ,原作,よかっ,演技,もっと,面白い,素晴らしい,その,最後,キャスト,映像,やっはり,ちょっと,役者,最高,展開,気持ち,こんな,俳優,特に,良く,もう,よく,ストーリー,なく,描写,とう,内容,本当に,とても,人間,ラスト,好き,台詞,そんな,雰囲気,日本,印象,物語,意味,演出
演技,素晴らしい,映像,日本,良かっ,台詞,最後,とても,ちょっと,本当に,やっはり,役者,物語,原作,キャスト,そんな,気持ち,描写,俳優,もっと,よかっ,演出,好き,その,特に,雰囲気,最高,ストーリー,なく,面白い,とう,もう,面白かっ,よく,ラスト,人間,内容,印象,展開,意味,良く,こんな
原作,好き,よかっ,とても,良かっ,物語,その,演技,面白い,素晴らしい,意味,なく,ストーリー,特に,気持ち,よく,役者,面白かっ,日本,展開,雰囲気,とう,最後,やっはり,本当に,印象,こんな,演出,俳優,そんな,ちょっと,キャスト,内容,人間,ラスト,台詞,もっと,最高,描写,映像,良く,もう
演技,人間,その,役者,最後,ちょっと,良かっ,描写,面白い,もう,原作,なく,ラスト,意味,俳優,そんな,素晴らしい,台詞,面白かっ,映像,内容,日本,とても,物語,展開,特に,もっと,本当に,印象,こんな,好き,キャスト,とう,良く,気持ち,ストーリー,演出,よかっ,最高,雰囲気,やっはり,よく
原作,良かっ,日本,演技,印象,よく,こんな,描写,人間,とう,映像,もっと,内容,本当に,よかっ,とても,素晴らしい,なく,演出,その,台詞,好き,キャスト,展開,面白かっ,雰囲気,最高,ちょっと,ストーリー,面白い,最後,ラスト,意味,俳優,やっはり,気持ち,もう,物語,特に,良く,そんな,役者
とう,演技,良かっ,演出,素晴らしい,ラスト,物語,最後,とても,その,よく,なく,役者,描写,本当に,ちょっと,特に,やっはり,好き,台詞,内容,意味,よかっ,もう,こんな,ストーリー,もっと,気持ち,最高,人間,展開,雰囲気,良く,そんな,面白かっ,面白い,キャスト,俳優,日本,印象,映像,原作
良かっ,気持ち,よかっ,台詞,その,ストーリー,展開,とう,演技,とても,ちょっと,最後,俳優,よく,なく,特に,日本,もう,役者,素晴らしい,物語,描写,キャスト,そんな,雰囲気,やっはり,好き,意味,内容,本当に,印象,こんな,演出,面白い,ラスト,もっと,人間,原作,映像,最高,良く,面白かっ
その,展開,とても,俳優,原作,とう,役者,物語,最後,もっと,内容,やっはり,よかっ,よく,ストーリー,なく,面白い,良かっ,描写,意味,雰囲気,面白かっ,日本,最高,ちょっと,人間,素晴らしい,ラスト,演技,好き,もう,そんな,台詞,キャスト,印象,映像,本当に,気持ち,演出,特に,良く,こんな
原作,良かっ,演技,俳優,最後,映像,よかっ,素晴らしい,ラスト,役者,好き,よく,物語,なく,演出,その,とても,もっと,そんな,やっはり,ちょっと,キャスト,特に,内容,本当に,ストーリー,気持ち,日本,台詞,良く,最高,描写,展開,面白かっ,とう,こんな,意味,印象,人間,雰囲気,もう,面白い
原作,良かっ,演技,その,ラスト,もう,演出,最後,よかっ,ちょっと,面白かっ,とう,人間,素晴らしい,映像,本当に,役者,描写,もっと,やっはり,なく,物語,最高,よく,面白い,俳優,展開,好き,とても,印象,ストーリー,日本,キャスト,意味,そんな,雰囲気,気持ち,台詞,特に,良く,こんな,内容
素晴らしい,良かっ,演技,原作,その,よかっ,展開,とても,物語,好き,キャスト,雰囲気,とう,台詞,面白かっ,気持ち,役者,なく,ラスト,日本,ちょっと,人間,面白い,描写,内容,よく,ストーリー,最後,意味,俳優,特に,良く,印象,演出,そんな,もっと,映像,本当に,最高,もう,やっはり,こんな
良かっ,日本,原作,内容,とても,よく,その,素晴らしい,演出,ストーリー,俳優,そんな,もっと,良く,気持ち,よかっ,ラスト,物語,最後,演技,とう,本当に,印象,役者,ちょっと,描写,台詞,意味,もう,こんな,なく,好き,キャスト,展開,雰囲気,映像,人間,面白い,やっはり,最高,特に,面白かっ
物語,やっはり,本当に,好き,特に,なく,良かっ,台詞,もっと,内容,とても,よく,こんな,演出,最後,演技,キャスト,雰囲気,とう,良く,気持ち,よかっ,日本,最高,もう,印象,ちょっと,役者,ストーリー,面白い,その,そんな,素晴らしい,ラスト,映像,人間,俳優,原作,展開,意味,描写,面白かっ
原作,良かっ,とても,映像,特に,その,素晴らしい,そんな,本当に,キャスト,好き,印象,雰囲気,演技,なく,描写,よかっ,ストーリー,もう,人間,意味,やっはり,最高,こんな,物語,よく,演出,展開,ちょっと,俳優,もっと,良く,内容,役者,気持ち,日本,台詞,面白い,ラスト,最後,面白かっ,とう
日本,良かっ,とても,演出,もう,よかっ,最後,映像,もっと,ちょっと,その,特に,気持ち,こんな,素晴らしい,描写,キャスト,俳優,展開,内容,やっはり,演技,台詞,意味,原作,雰囲気,そんな,良く,とう,本当に,役者,人間,なく,物語,印象,最高,よく,好き,ストーリー,ラスト,面白い,面白かっ
ラスト,演技,最後,描写,素晴らしい,気持ち,とても,ちょっと,物語,台詞,雰囲気,良かっ,よかっ,その,なく,展開,意味,とう,印象,こんな,役者,キャスト,俳優,そんな,本当に,やっはり,最高,よく,好き,良く,映像,内容,もう,ストーリー,人間,演出,面白い,もっと,日本,特に,原作,面白かっ
演技,日本,役者,その,描写,内容,印象,良く,本当に,良かっ,意味,キャスト,俳優,展開,もう,こんな,よく,素晴らしい,演出,台詞,特に,もっと,とう,とても,面白かっ,雰囲気,映像,よかっ,なく,ラスト,物語,好き,原作,そんな,やっはり,最高,ちょっと,面白い,最後,ストーリー,気持ち,人間
最高,とう,素晴らしい,ラスト,演技,とても,役者,そんな,最後,良かっ,描写,その,面白かっ,もう,よかっ,日本,よく,なく,展開,特に,本当に,好き,ちょっと,こんな,物語,台詞,意味,気持ち,人間,映像,もっと,ストーリー,面白い,やっはり,印象,キャスト,良く,演出,俳優,原作,雰囲気,内容
日本,面白かっ,良かっ,台詞,もう,とう,面白い,最高,映像,描写,なく,本当に,演技,人間,その,展開,こんな,好き,よく,最後,俳優,良く,内容,やっはり,素晴らしい,もっと,役者,特に,演出,ちょっと,キャスト,よかっ,印象,意味,そんな,とても,ラスト,物語,気持ち,ストーリー,雰囲気,原作
演技,原作,素晴らしい,役者,物語,俳優,その,良かっ,人間,キャスト,展開,特に,最後,気持ち,意味,とう,ラスト,印象,描写,本当に,ちょっと,ストーリー,なく,演出,映像,とても,台詞,日本,よかっ,もう,内容,よく,そんな,雰囲気,もっと,こんな,好き,面白かっ,やっはり,面白い,最高,良く
キャスト,こんな,ちょっと,最後,日本,演技,その,面白かっ,とても,人間,演出,展開,もっと,面白い,好き,雰囲気,特に,よかっ,やっはり,もう,役者,素晴らしい,ラスト,台詞,意味,俳優,とう,気持ち,印象,ストーリー,なく,物語,良かっ,内容,よく,原作,描写,映像,最高,本当に,良く,そんな
よかっ,素晴らしい,ラスト,最高,演出,演技,描写,やっはり,とても,なく,物語,最後,良かっ,俳優,展開,面白かっ,特に,そんな,映像,とう,良く,もっと,気持ち,本当に,印象,ストーリー,面白い,好き,その,ちょっと,もう,台詞,よく,キャスト,人間,内容,原作,役者,意味,日本,雰囲気,こんな
原作,演技,とう,俳優,面白かっ,役者,良かっ,キャスト,展開,印象,ストーリー,人間,面白い,ラスト,映像,本当に,その,物語,好き,気持ち,よく,演出,最後,意味,雰囲気,内容,よかっ,日本,とても,ちょっと,こんな,なく,特に,もっと,描写,そんな,やっはり,最高,もう,素晴らしい,良く,台詞
意味,演技,最後,人間,とう,ちょっと,ストーリー,その,面白い,ラスト,印象,面白かっ,物語,台詞,展開,そんな,映像,やっはり,もう,役者,良かっ,特に,良く,もっと,とても,よく,素晴らしい,演出,好き,描写,よかっ,本当に,最高,こんな,なく,俳優,雰囲気,内容,気持ち,日本,キャスト,原作
原作,良かっ,演技,ちょっと,物語,好き,展開,その,意味,良く,とても,印象,なく,ラスト,特に,映像,とう,よかっ,雰囲気,こんな,役者,ストーリー,最後,キャスト,もっと,気持ち,最高,もう,人間,演出,台詞,そんな,面白かっ,内容,やっはり,本当に,よく,素晴らしい,面白い,俳優,描写,日本
原作,演技,良かっ,ちょっと,ストーリー,ラスト,最後,その,内容,よかっ,もう,物語,好き,描写,台詞,キャスト,展開,特に,良く,気持ち,本当に,最高,役者,素晴らしい,雰囲気,映像,とう,もっと,やっはり,よく,こんな,人間,なく,演出,俳優,印象,面白い,とても,意味,日本,そんな,面白かっ
物語,キャスト,よかっ,役者,素晴らしい,演技,俳優,展開,良く,もっと,映像,とても,こんな,よく,良かっ,描写,意味,面白かっ,雰囲気,特に,気持ち,内容,本当に,やっはり,印象,人間,ストーリー,なく,ラスト,その,もう,そんな,ちょっと,とう,日本,演出,最後,最高,原作,面白い,好き,台詞
原作,台詞,良かっ,展開,面白かっ,その,演出,役者,よく,面白い,キャスト,とう,ちょっと,好き,演技,よかっ,最高,なく,最後,意味,雰囲気,特に,映像,もっと,もう,印象,物語,描写,俳優,やっはり,とても,ストーリー,素晴らしい,そんな,良く,気持ち,本当に,こんな,人間,ラスト,内容,日本
演技,その,日本,素晴らしい,役者,良かっ,そんな,なく,最高,とても,こんな,キャスト,特に,印象,ラスト,とう,気持ち,よかっ,好き,よく,ちょっと,物語,最後,意味,内容,もう,ストーリー,描写,俳優,もっと,本当に,台詞,面白かっ,映像,やっはり,演出,面白い,展開,雰囲気,良く,人間,原作
面白かっ,面白い,最高,よく,展開,最後,こんな,好き,その,良かっ,ラスト,そんな,もう,意味,内容,本当に,素晴らしい,ちょっと,キャスト,特に,もっと,なく,演出,俳優,映像,気持ち,よかっ,とても,役者,物語,人間,日本,演技,雰囲気,ストーリー,描写,台詞,とう,良く,やっはり,印象,原作
演出,意味,演技,こんな,物語,最後,良かっ,特に,もっと,もう,ラスト,台詞,キャスト,面白かっ,映像,とう,内容,よかっ,印象,とても,よく,ストーリー,素晴らしい,なく,その,好き,原作,良く,そんな,ちょっと,日本,描写,雰囲気,やっはり,面白い,気持ち,役者,展開,本当に,人間,俳優,最高
面白い,原作,描写,面白かっ,素晴らしい,演技,俳優,役者,良かっ,ちょっと,特に,ストーリー,好き,良く,日本,やっはり,最高,最後,その,キャスト,もっと,もう,こんな,なく,台詞,展開,雰囲気,そんな,映像,印象,よく,演出,物語,意味,内容,気持ち,よかっ,本当に,とても,とう,ラスト,人間
原作,キャスト,面白かっ,良かっ,演技,その,特に,展開,好き,とう,人間,内容,やっはり,よく,役者,物語,最後,描写,本当に,よかっ,とても,印象,ストーリー,なく,演出,面白い,ラスト,台詞,意味,俳優,そんな,雰囲気,もっと,良く,気持ち,日本,もう,素晴らしい,映像,最高,ちょっと,こんな
